season,region,trend_mm_yr,trend_p,trend_with_DMI,p_with_DMI,R2_trend_only,R2_trend_plus_DMI
SON,Karamoja,3.4755,0.0015,3.3751,0.0028,0.2599,0.2638
SON,Eastern,3.5642,0.0173,2.9908,0.0427,0.1556,0.2287
SON,Northern,1.723,0.0358,1.5283,0.0675,0.1232,0.1518
SON,Central,0.8758,0.3749,0.2597,0.7748,0.0232,0.232
SON,Western,0.9841,0.1691,0.9276,0.2121,0.0549,0.0582
SON,Lake Victoria basin,0.8961,0.2921,0.4167,0.6028,0.0326,0.202
SON,Uganda (national),1.6363,0.0455,1.3419,0.099,0.1125,0.1787
OND,Karamoja,2.5411,0.0194,2.1733,0.0438,0.1506,0.2129
OND,Eastern,2.8939,0.0945,1.8484,0.239,0.0801,0.2864
OND,Northern,1.4426,0.1345,0.9293,0.3042,0.0647,0.2263
OND,Central,1.1227,0.3909,0.1491,0.893,0.0217,0.3444
OND,Western,0.9079,0.2654,0.6706,0.4152,0.0363,0.0854
OND,Lake Victoria basin,1.062,0.3287,0.3245,0.7346,0.0281,0.2954
OND,Uganda (national),1.452,0.1514,0.844,0.3601,0.0596,0.2658
