season,region,r_DMI,r_ONI,partial_DMI|ONI,p_DMI|ONI,partial_ONI|DMI,p_ONI|DMI
OND,Karamoja,0.3287,0.2274,0.2437,0.1521,-0.0021,0.9901
OND,Eastern,0.5053,0.4127,0.3334,0.0469,0.0981,0.5691
OND,Northern,0.4481,0.3438,0.3096,0.0661,0.0494,0.7746
OND,Central,0.5865,0.4265,0.446,0.0064,0.0311,0.8571
OND,Western,0.2578,0.1816,0.1861,0.277,0.0029,0.9864
OND,Lake Victoria basin,0.5412,0.3458,0.4461,0.0064,-0.0516,0.7652
OND,Uganda (national),0.4967,0.3782,0.3512,0.0357,0.0519,0.7639
JJA,Karamoja,,,0.4407,0.0071,-0.3825,0.0213
JJA,Eastern,,,0.4898,0.0024,-0.3726,0.0252
JJA,Northern,,,0.4079,0.0135,-0.3149,0.0614
JJA,Central,,,0.3903,0.0186,-0.343,0.0405
JJA,Western,,,0.3301,0.0493,-0.3536,0.0344
JJA,Lake Victoria basin,,,0.3962,0.0167,-0.3422,0.0411
JJA,Uganda (national),,,0.4458,0.0064,-0.3694,0.0266
