season,region,r_DMI,p_DMI,r_ONI,p_ONI
OND,Karamoja,0.3287,0.0503,0.2274,0.1822
OND,Eastern,0.5053,0.0017,0.4127,0.0124
OND,Northern,0.4481,0.0061,0.3438,0.0401
OND,Central,0.5865,0.0002,0.4265,0.0095
OND,Western,0.2578,0.129,0.1816,0.2892
OND,Lake Victoria basin,0.5412,0.0007,0.3458,0.0388
OND,Uganda (national),0.4967,0.0021,0.3782,0.0229
SON,Karamoja,0.1775,0.3002,-0.0542,0.7537
SON,Eastern,0.3534,0.0345,0.1536,0.3712
SON,Northern,0.2447,0.1503,0.0149,0.9314
SON,Central,0.4797,0.0031,0.2584,0.1281
SON,Western,0.1093,0.5256,-0.0576,0.7385
SON,Lake Victoria basin,0.442,0.007,0.194,0.2569
SON,Uganda (national),0.3271,0.0515,0.0923,0.5924
MAM,Karamoja,-0.0125,0.9423,-0.0576,0.7385
MAM,Eastern,0.1026,0.5514,-0.1377,0.423
MAM,Northern,-0.0957,0.5788,0.0045,0.9792
MAM,Central,0.059,0.7324,-0.1107,0.5202
MAM,Western,-0.1801,0.2932,-0.0437,0.8001
MAM,Lake Victoria basin,0.0714,0.6792,-0.0723,0.6752
MAM,Uganda (national),-0.0563,0.7442,-0.0551,0.7494
JJA,Karamoja,0.3173,0.0593,-0.2172,0.2032
JJA,Eastern,0.3807,0.022,-0.1766,0.303
JJA,Northern,0.3134,0.0627,-0.1596,0.3524
JJA,Central,0.2792,0.0991,-0.2006,0.2408
JJA,Western,0.2053,0.2297,-0.2438,0.1519
JJA,Lake Victoria basin,0.2864,0.0904,-0.1965,0.2508
JJA,Uganda (national),0.3302,0.0492,-0.1993,0.2438
