region,start,end,months,min_spi3
Central,2009-04,2009-10,7,-2.21
Central,1992-02,1992-05,4,-2.29
Central,2002-07,2002-10,4,-2.01
Central,1993-08,1993-11,4,-1.75
Central,2004-05,2004-08,4,-1.72
Eastern,2016-08,2017-01,6,-1.56
Eastern,1993-09,1994-01,5,-1.31
Eastern,2009-07,2009-10,4,-2.24
Eastern,2004-05,2004-08,4,-1.85
Eastern,1992-02,1992-05,4,-1.23
Karamoja,2016-09,2017-01,5,-1.22
Karamoja,2009-07,2009-10,4,-1.87
Karamoja,1993-09,1993-12,4,-1.45
Karamoja,2008-04,2008-06,3,-1.56
Karamoja,2002-07,2002-09,3,-1.43
Lake Victoria basin,1992-01,1992-06,6,-2.12
Lake Victoria basin,2009-05,2009-10,6,-1.59
Lake Victoria basin,2005-11,2006-02,4,-2.04
Lake Victoria basin,2023-07,2023-09,3,-2.02
Lake Victoria basin,2000-03,2000-05,3,-1.83
Northern,2009-03,2009-11,9,-2.44
Northern,2022-04,2022-08,5,-1.8
Northern,2016-07,2016-11,5,-1.66
Northern,2005-11,2006-02,4,-1.79
Northern,1993-09,1993-12,4,-1.74
Uganda (national),2009-04,2009-11,8,-2.45
Uganda (national),1992-01,1992-05,5,-1.61
Uganda (national),2005-11,2006-02,4,-1.94
Uganda (national),1993-09,1993-12,4,-1.86
Uganda (national),2002-07,2002-10,4,-1.39
Western,1992-01,1992-05,5,-1.83
Western,2005-11,2006-02,4,-2.25
Western,2023-07,2023-10,4,-2.2
Western,2009-08,2009-11,4,-1.7
Western,2024-03,2024-06,4,-1.49
