,,start,end,months,min_spi3
Karamoja,0,2016-09,2017-01,5,-1.22
Karamoja,1,2009-07,2009-10,4,-1.87
Karamoja,2,1993-09,1993-12,4,-1.45
Eastern,0,2016-08,2017-01,6,-1.56
Eastern,1,1993-09,1994-01,5,-1.31
Eastern,2,2009-07,2009-10,4,-2.24
Northern,0,2009-03,2009-11,9,-2.44
Northern,1,2022-04,2022-08,5,-1.8
Northern,2,2016-07,2016-11,5,-1.66
Central,0,2009-04,2009-10,7,-2.21
Central,1,1992-02,1992-05,4,-2.29
Central,2,2002-07,2002-10,4,-2.01
Western,0,1992-01,1992-05,5,-1.83
Western,1,2005-11,2006-02,4,-2.25
Western,2,2023-07,2023-10,4,-2.2
Lake Victoria basin,0,1992-01,1992-06,6,-2.12
Lake Victoria basin,1,2009-05,2009-10,6,-1.59
Lake Victoria basin,2,2005-11,2006-02,4,-2.04
Uganda (national),0,2009-04,2009-11,8,-2.45
Uganda (national),1,1992-01,1992-05,5,-1.61
Uganda (national),2,2005-11,2006-02,4,-1.94
