system:index,date,month,rainfall_mm,year,.geo
0,1990-01,1.0,38.17132303549374,1990.0,"{""type"":""MultiPoint"",""coordinates"":[]}"
1,1990-02,2.0,75.06893082877099,1990.0,"{""type"":""MultiPoint"",""coordinates"":[]}"
2,1990-03,3.0,128.93329403753154,1990.0,"{""type"":""MultiPoint"",""coordinates"":[]}"
3,1990-04,4.0,165.83423250675676,1990.0,"{""type"":""MultiPoint"",""coordinates"":[]}"
4,1990-05,5.0,136.08376078723956,1990.0,"{""type"":""MultiPoint"",""coordinates"":[]}"
5,1990-06,6.0,58.253282835846555,1990.0,"{""type"":""MultiPoint"",""coordinates"":[]}"
6,1990-07,7.0,85.84461485068415,1990.0,"{""type"":""MultiPoint"",""coordinates"":[]}"
7,1990-08,8.0,126.50507094602315,1990.0,"{""type"":""MultiPoint"",""coordinates"":[]}"
8,1990-09,9.0,112.25300130506496,1990.0,"{""type"":""MultiPoint"",""coordinates"":[]}"
9,1990-10,10.0,139.55081083755883,1990.0,"{""type"":""MultiPoint"",""coordinates"":[]}"
10,1990-11,11.0,88.28914856574599,1990.0,"{""type"":""MultiPoint"",""coordinates"":[]}"
11,1990-12,12.0,78.77979208868697,1990.0,"{""type"":""MultiPoint"",""coordinates"":[]}"
12,1991-01,1.0,44.74740313112124,1991.0,"{""type"":""MultiPoint"",""coordinates"":[]}"
13,1991-02,2.0,51.31699701619893,1991.0,"{""type"":""MultiPoint"",""coordinates"":[]}"
14,1991-03,3.0,102.95918429729763,1991.0,"{""type"":""MultiPoint"",""coordinates"":[]}"
15,1991-04,4.0,171.93458902053973,1991.0,"{""type"":""MultiPoint"",""coordinates"":[]}"
16,1991-05,5.0,200.18910695857465,1991.0,"{""type"":""MultiPoint"",""coordinates"":[]}"
17,1991-06,6.0,90.53812434651638,1991.0,"{""type"":""MultiPoint"",""coordinates"":[]}"
18,1991-07,7.0,94.37066392996222,1991.0,"{""type"":""MultiPoint"",""coordinates"":[]}"
19,1991-08,8.0,138.81824785373846,1991.0,"{""type"":""MultiPoint"",""coordinates"":[]}"
20,1991-09,9.0,102.02236358747253,1991.0,"{""type"":""MultiPoint"",""coordinates"":[]}"
21,1991-10,10.0,154.7574480675795,1991.0,"{""type"":""MultiPoint"",""coordinates"":[]}"
22,1991-11,11.0,100.47557314274441,1991.0,"{""type"":""MultiPoint"",""coordinates"":[]}"
23,1991-12,12.0,44.075747198579236,1991.0,"{""type"":""MultiPoint"",""coordinates"":[]}"
24,1992-01,1.0,23.917475014419573,1992.0,"{""type"":""MultiPoint"",""coordinates"":[]}"
25,1992-02,2.0,26.612705974450066,1992.0,"{""type"":""MultiPoint"",""coordinates"":[]}"
26,1992-03,3.0,66.83596595218913,1992.0,"{""type"":""MultiPoint"",""coordinates"":[]}"
27,1992-04,4.0,135.09782671878236,1992.0,"{""type"":""MultiPoint"",""coordinates"":[]}"
28,1992-05,5.0,129.551921870074,1992.0,"{""type"":""MultiPoint"",""coordinates"":[]}"
29,1992-06,6.0,108.70875279951736,1992.0,"{""type"":""MultiPoint"",""coordinates"":[]}"
30,1992-07,7.0,91.57708312832555,1992.0,"{""type"":""MultiPoint"",""coordinates"":[]}"
31,1992-08,8.0,101.26307468177153,1992.0,"{""type"":""MultiPoint"",""coordinates"":[]}"
32,1992-09,9.0,103.22922024414552,1992.0,"{""type"":""MultiPoint"",""coordinates"":[]}"
33,1992-10,10.0,167.14437764762926,1992.0,"{""type"":""MultiPoint"",""coordinates"":[]}"
34,1992-11,11.0,92.81510517395202,1992.0,"{""type"":""MultiPoint"",""coordinates"":[]}"
35,1992-12,12.0,80.85438396483156,1992.0,"{""type"":""MultiPoint"",""coordinates"":[]}"
36,1993-01,1.0,42.02438707905291,1993.0,"{""type"":""MultiPoint"",""coordinates"":[]}"
37,1993-02,2.0,43.63011453583366,1993.0,"{""type"":""MultiPoint"",""coordinates"":[]}"
38,1993-03,3.0,81.51890348818443,1993.0,"{""type"":""MultiPoint"",""coordinates"":[]}"
39,1993-04,4.0,146.44458903500174,1993.0,"{""type"":""MultiPoint"",""coordinates"":[]}"
40,1993-05,5.0,174.39176065664145,1993.0,"{""type"":""MultiPoint"",""coordinates"":[]}"
41,1993-06,6.0,99.96412838784516,1993.0,"{""type"":""MultiPoint"",""coordinates"":[]}"
42,1993-07,7.0,59.09919564038807,1993.0,"{""type"":""MultiPoint"",""coordinates"":[]}"
43,1993-08,8.0,96.55465861848889,1993.0,"{""type"":""MultiPoint"",""coordinates"":[]}"
44,1993-09,9.0,94.88028734444133,1993.0,"{""type"":""MultiPoint"",""coordinates"":[]}"
45,1993-10,10.0,103.95812947015145,1993.0,"{""type"":""MultiPoint"",""coordinates"":[]}"
46,1993-11,11.0,98.412118529561,1993.0,"{""type"":""MultiPoint"",""coordinates"":[]}"
47,1993-12,12.0,52.5955960354321,1993.0,"{""type"":""MultiPoint"",""coordinates"":[]}"
48,1994-01,1.0,29.897790843387725,1994.0,"{""type"":""MultiPoint"",""coordinates"":[]}"
49,1994-02,2.0,32.07461079956296,1994.0,"{""type"":""MultiPoint"",""coordinates"":[]}"
50,1994-03,3.0,97.12398424110067,1994.0,"{""type"":""MultiPoint"",""coordinates"":[]}"
51,1994-04,4.0,155.79002212045762,1994.0,"{""type"":""MultiPoint"",""coordinates"":[]}"
52,1994-05,5.0,169.6594772022645,1994.0,"{""type"":""MultiPoint"",""coordinates"":[]}"
53,1994-06,6.0,102.94476450135325,1994.0,"{""type"":""MultiPoint"",""coordinates"":[]}"
54,1994-07,7.0,109.14478958323011,1994.0,"{""type"":""MultiPoint"",""coordinates"":[]}"
55,1994-08,8.0,128.217189955671,1994.0,"{""type"":""MultiPoint"",""coordinates"":[]}"
56,1994-09,9.0,98.95774581964318,1994.0,"{""type"":""MultiPoint"",""coordinates"":[]}"
57,1994-10,10.0,137.3345465388772,1994.0,"{""type"":""MultiPoint"",""coordinates"":[]}"
58,1994-11,11.0,148.719800340088,1994.0,"{""type"":""MultiPoint"",""coordinates"":[]}"
59,1994-12,12.0,52.51043573857355,1994.0,"{""type"":""MultiPoint"",""coordinates"":[]}"
60,1995-01,1.0,25.421662243805812,1995.0,"{""type"":""MultiPoint"",""coordinates"":[]}"
61,1995-02,2.0,38.81135428703347,1995.0,"{""type"":""MultiPoint"",""coordinates"":[]}"
62,1995-03,3.0,108.3523213128551,1995.0,"{""type"":""MultiPoint"",""coordinates"":[]}"
63,1995-04,4.0,170.70097737417385,1995.0,"{""type"":""MultiPoint"",""coordinates"":[]}"
64,1995-05,5.0,147.15179120111182,1995.0,"{""type"":""MultiPoint"",""coordinates"":[]}"
65,1995-06,6.0,86.17119931299146,1995.0,"{""type"":""MultiPoint"",""coordinates"":[]}"
66,1995-07,7.0,109.20961815806882,1995.0,"{""type"":""MultiPoint"",""coordinates"":[]}"
67,1995-08,8.0,89.90666509033977,1995.0,"{""type"":""MultiPoint"",""coordinates"":[]}"
68,1995-09,9.0,122.53279963200619,1995.0,"{""type"":""MultiPoint"",""coordinates"":[]}"
69,1995-10,10.0,146.61924238156112,1995.0,"{""type"":""MultiPoint"",""coordinates"":[]}"
70,1995-11,11.0,109.04449740491631,1995.0,"{""type"":""MultiPoint"",""coordinates"":[]}"
71,1995-12,12.0,60.218299677049494,1995.0,"{""type"":""MultiPoint"",""coordinates"":[]}"
72,1996-01,1.0,63.40056047389639,1996.0,"{""type"":""MultiPoint"",""coordinates"":[]}"
73,1996-02,2.0,50.6626726372859,1996.0,"{""type"":""MultiPoint"",""coordinates"":[]}"
74,1996-03,3.0,126.13697355839297,1996.0,"{""type"":""MultiPoint"",""coordinates"":[]}"
75,1996-04,4.0,153.15147381063719,1996.0,"{""type"":""MultiPoint"",""coordinates"":[]}"
76,1996-05,5.0,145.8434531060113,1996.0,"{""type"":""MultiPoint"",""coordinates"":[]}"
77,1996-06,6.0,101.23881571709288,1996.0,"{""type"":""MultiPoint"",""coordinates"":[]}"
78,1996-07,7.0,93.09750606503336,1996.0,"{""type"":""MultiPoint"",""coordinates"":[]}"
79,1996-08,8.0,136.60074927558227,1996.0,"{""type"":""MultiPoint"",""coordinates"":[]}"
80,1996-09,9.0,127.67235905405836,1996.0,"{""type"":""MultiPoint"",""coordinates"":[]}"
81,1996-10,10.0,127.58571265981836,1996.0,"{""type"":""MultiPoint"",""coordinates"":[]}"
82,1996-11,11.0,121.83241602828302,1996.0,"{""type"":""MultiPoint"",""coordinates"":[]}"
83,1996-12,12.0,55.19540260609484,1996.0,"{""type"":""MultiPoint"",""coordinates"":[]}"
84,1997-01,1.0,51.88824494856237,1997.0,"{""type"":""MultiPoint"",""coordinates"":[]}"
85,1997-02,2.0,14.833637481501288,1997.0,"{""type"":""MultiPoint"",""coordinates"":[]}"
86,1997-03,3.0,91.99164688045086,1997.0,"{""type"":""MultiPoint"",""coordinates"":[]}"
87,1997-04,4.0,221.95851777394554,1997.0,"{""type"":""MultiPoint"",""coordinates"":[]}"
88,1997-05,5.0,127.29071144988305,1997.0,"{""type"":""MultiPoint"",""coordinates"":[]}"
89,1997-06,6.0,82.45740068161233,1997.0,"{""type"":""MultiPoint"",""coordinates"":[]}"
90,1997-07,7.0,88.49428712288311,1997.0,"{""type"":""MultiPoint"",""coordinates"":[]}"
91,1997-08,8.0,96.9711692913397,1997.0,"{""type"":""MultiPoint"",""coordinates"":[]}"
92,1997-09,9.0,64.2211572547032,1997.0,"{""type"":""MultiPoint"",""coordinates"":[]}"
93,1997-10,10.0,165.0962750270978,1997.0,"{""type"":""MultiPoint"",""coordinates"":[]}"
94,1997-11,11.0,184.3354534643344,1997.0,"{""type"":""MultiPoint"",""coordinates"":[]}"
95,1997-12,12.0,124.89052253387953,1997.0,"{""type"":""MultiPoint"",""coordinates"":[]}"
96,1998-01,1.0,70.1771300248098,1998.0,"{""type"":""MultiPoint"",""coordinates"":[]}"
97,1998-02,2.0,45.072025130796696,1998.0,"{""type"":""MultiPoint"",""coordinates"":[]}"
98,1998-03,3.0,91.31076892861087,1998.0,"{""type"":""MultiPoint"",""coordinates"":[]}"
99,1998-04,4.0,151.78583523908966,1998.0,"{""type"":""MultiPoint"",""coordinates"":[]}"
100,1998-05,5.0,144.93472655944382,1998.0,"{""type"":""MultiPoint"",""coordinates"":[]}"
101,1998-06,6.0,88.9246734340233,1998.0,"{""type"":""MultiPoint"",""coordinates"":[]}"
102,1998-07,7.0,94.10214667591666,1998.0,"{""type"":""MultiPoint"",""coordinates"":[]}"
103,1998-08,8.0,110.96205159023651,1998.0,"{""type"":""MultiPoint"",""coordinates"":[]}"
104,1998-09,9.0,110.48939187411663,1998.0,"{""type"":""MultiPoint"",""coordinates"":[]}"
105,1998-10,10.0,140.01274528407367,1998.0,"{""type"":""MultiPoint"",""coordinates"":[]}"
106,1998-11,11.0,95.49626170979577,1998.0,"{""type"":""MultiPoint"",""coordinates"":[]}"
107,1998-12,12.0,35.01544797738567,1998.0,"{""type"":""MultiPoint"",""coordinates"":[]}"
108,1999-01,1.0,47.04264144942056,1999.0,"{""type"":""MultiPoint"",""coordinates"":[]}"
109,1999-02,2.0,28.266156473294743,1999.0,"{""type"":""MultiPoint"",""coordinates"":[]}"
110,1999-03,3.0,137.46523782380063,1999.0,"{""type"":""MultiPoint"",""coordinates"":[]}"
111,1999-04,4.0,166.65890547947419,1999.0,"{""type"":""MultiPoint"",""coordinates"":[]}"
112,1999-05,5.0,125.03787161728255,1999.0,"{""type"":""MultiPoint"",""coordinates"":[]}"
113,1999-06,6.0,67.67348962168064,1999.0,"{""type"":""MultiPoint"",""coordinates"":[]}"
114,1999-07,7.0,85.99329604042302,1999.0,"{""type"":""MultiPoint"",""coordinates"":[]}"
115,1999-08,8.0,143.9672294233399,1999.0,"{""type"":""MultiPoint"",""coordinates"":[]}"
116,1999-09,9.0,108.2037536758437,1999.0,"{""type"":""MultiPoint"",""coordinates"":[]}"
117,1999-10,10.0,152.6785305344664,1999.0,"{""type"":""MultiPoint"",""coordinates"":[]}"
118,1999-11,11.0,113.68181913374288,1999.0,"{""type"":""MultiPoint"",""coordinates"":[]}"
119,1999-12,12.0,67.30689033255028,1999.0,"{""type"":""MultiPoint"",""coordinates"":[]}"
120,2000-01,1.0,23.791363095238882,2000.0,"{""type"":""MultiPoint"",""coordinates"":[]}"
121,2000-02,2.0,24.230337080245427,2000.0,"{""type"":""MultiPoint"",""coordinates"":[]}"
122,2000-03,3.0,68.08428132153365,2000.0,"{""type"":""MultiPoint"",""coordinates"":[]}"
123,2000-04,4.0,166.4427367068564,2000.0,"{""type"":""MultiPoint"",""coordinates"":[]}"
124,2000-05,5.0,132.31803819928348,2000.0,"{""type"":""MultiPoint"",""coordinates"":[]}"
125,2000-06,6.0,90.13764625515779,2000.0,"{""type"":""MultiPoint"",""coordinates"":[]}"
126,2000-07,7.0,88.51680201058376,2000.0,"{""type"":""MultiPoint"",""coordinates"":[]}"
127,2000-08,8.0,118.99752114191999,2000.0,"{""type"":""MultiPoint"",""coordinates"":[]}"
128,2000-09,9.0,105.92399286463909,2000.0,"{""type"":""MultiPoint"",""coordinates"":[]}"
129,2000-10,10.0,143.59098365484815,2000.0,"{""type"":""MultiPoint"",""coordinates"":[]}"
130,2000-11,11.0,116.86321577337074,2000.0,"{""type"":""MultiPoint"",""coordinates"":[]}"
131,2000-12,12.0,69.6079084049312,2000.0,"{""type"":""MultiPoint"",""coordinates"":[]}"
132,2001-01,1.0,45.81926565440607,2001.0,"{""type"":""MultiPoint"",""coordinates"":[]}"
133,2001-02,2.0,30.079208497316387,2001.0,"{""type"":""MultiPoint"",""coordinates"":[]}"
134,2001-03,3.0,134.61621233812187,2001.0,"{""type"":""MultiPoint"",""coordinates"":[]}"
135,2001-04,4.0,178.22565582558383,2001.0,"{""type"":""MultiPoint"",""coordinates"":[]}"
136,2001-05,5.0,150.64681245345477,2001.0,"{""type"":""MultiPoint"",""coordinates"":[]}"
137,2001-06,6.0,100.08660097358819,2001.0,"{""type"":""MultiPoint"",""coordinates"":[]}"
138,2001-07,7.0,112.69880993369223,2001.0,"{""type"":""MultiPoint"",""coordinates"":[]}"
139,2001-08,8.0,113.69168677299,2001.0,"{""type"":""MultiPoint"",""coordinates"":[]}"
140,2001-09,9.0,121.41622713612746,2001.0,"{""type"":""MultiPoint"",""coordinates"":[]}"
141,2001-10,10.0,181.31317599505854,2001.0,"{""type"":""MultiPoint"",""coordinates"":[]}"
142,2001-11,11.0,134.4289816049134,2001.0,"{""type"":""MultiPoint"",""coordinates"":[]}"
143,2001-12,12.0,42.74327390223243,2001.0,"{""type"":""MultiPoint"",""coordinates"":[]}"
144,2002-01,1.0,45.773621410791385,2002.0,"{""type"":""MultiPoint"",""coordinates"":[]}"
145,2002-02,2.0,35.01350329136206,2002.0,"{""type"":""MultiPoint"",""coordinates"":[]}"
146,2002-03,3.0,128.36874312464352,2002.0,"{""type"":""MultiPoint"",""coordinates"":[]}"
147,2002-04,4.0,170.82476572016188,2002.0,"{""type"":""MultiPoint"",""coordinates"":[]}"
148,2002-05,5.0,117.57786498577717,2002.0,"{""type"":""MultiPoint"",""coordinates"":[]}"
149,2002-06,6.0,70.4601757410113,2002.0,"{""type"":""MultiPoint"",""coordinates"":[]}"
150,2002-07,7.0,66.16034012111946,2002.0,"{""type"":""MultiPoint"",""coordinates"":[]}"
151,2002-08,8.0,96.91812869739469,2002.0,"{""type"":""MultiPoint"",""coordinates"":[]}"
152,2002-09,9.0,95.04112299572695,2002.0,"{""type"":""MultiPoint"",""coordinates"":[]}"
153,2002-10,10.0,139.26902481796472,2002.0,"{""type"":""MultiPoint"",""coordinates"":[]}"
154,2002-11,11.0,123.17626356236478,2002.0,"{""type"":""MultiPoint"",""coordinates"":[]}"
155,2002-12,12.0,99.08148222681308,2002.0,"{""type"":""MultiPoint"",""coordinates"":[]}"
156,2003-01,1.0,34.46482089032674,2003.0,"{""type"":""MultiPoint"",""coordinates"":[]}"
157,2003-02,2.0,29.990647044393643,2003.0,"{""type"":""MultiPoint"",""coordinates"":[]}"
158,2003-03,3.0,90.12133784211754,2003.0,"{""type"":""MultiPoint"",""coordinates"":[]}"
159,2003-04,4.0,173.90898785251454,2003.0,"{""type"":""MultiPoint"",""coordinates"":[]}"
160,2003-05,5.0,158.02077741977885,2003.0,"{""type"":""MultiPoint"",""coordinates"":[]}"
161,2003-06,6.0,117.56787030248357,2003.0,"{""type"":""MultiPoint"",""coordinates"":[]}"
162,2003-07,7.0,98.40399165721892,2003.0,"{""type"":""MultiPoint"",""coordinates"":[]}"
163,2003-08,8.0,135.97346653060606,2003.0,"{""type"":""MultiPoint"",""coordinates"":[]}"
164,2003-09,9.0,105.0237460892792,2003.0,"{""type"":""MultiPoint"",""coordinates"":[]}"
165,2003-10,10.0,107.97298588808425,2003.0,"{""type"":""MultiPoint"",""coordinates"":[]}"
166,2003-11,11.0,111.07717807849633,2003.0,"{""type"":""MultiPoint"",""coordinates"":[]}"
167,2003-12,12.0,62.91753515020702,2003.0,"{""type"":""MultiPoint"",""coordinates"":[]}"
168,2004-01,1.0,60.326132813111954,2004.0,"{""type"":""MultiPoint"",""coordinates"":[]}"
169,2004-02,2.0,45.60312879833463,2004.0,"{""type"":""MultiPoint"",""coordinates"":[]}"
170,2004-03,3.0,82.8299473780254,2004.0,"{""type"":""MultiPoint"",""coordinates"":[]}"
171,2004-04,4.0,173.83976620740034,2004.0,"{""type"":""MultiPoint"",""coordinates"":[]}"
172,2004-05,5.0,107.72268149927585,2004.0,"{""type"":""MultiPoint"",""coordinates"":[]}"
173,2004-06,6.0,57.526903262540614,2004.0,"{""type"":""MultiPoint"",""coordinates"":[]}"
174,2004-07,7.0,68.90729707159984,2004.0,"{""type"":""MultiPoint"",""coordinates"":[]}"
175,2004-08,8.0,118.71515318714836,2004.0,"{""type"":""MultiPoint"",""coordinates"":[]}"
176,2004-09,9.0,118.79212075844345,2004.0,"{""type"":""MultiPoint"",""coordinates"":[]}"
177,2004-10,10.0,118.86877545444688,2004.0,"{""type"":""MultiPoint"",""coordinates"":[]}"
178,2004-11,11.0,104.970192851789,2004.0,"{""type"":""MultiPoint"",""coordinates"":[]}"
179,2004-12,12.0,64.98344728888235,2004.0,"{""type"":""MultiPoint"",""coordinates"":[]}"
180,2005-01,1.0,34.118963095440975,2005.0,"{""type"":""MultiPoint"",""coordinates"":[]}"
181,2005-02,2.0,30.188907469396998,2005.0,"{""type"":""MultiPoint"",""coordinates"":[]}"
182,2005-03,3.0,107.44976380345295,2005.0,"{""type"":""MultiPoint"",""coordinates"":[]}"
183,2005-04,4.0,136.37299075271193,2005.0,"{""type"":""MultiPoint"",""coordinates"":[]}"
184,2005-05,5.0,173.13481340394011,2005.0,"{""type"":""MultiPoint"",""coordinates"":[]}"
185,2005-06,6.0,77.39629612677652,2005.0,"{""type"":""MultiPoint"",""coordinates"":[]}"
186,2005-07,7.0,83.45071515410928,2005.0,"{""type"":""MultiPoint"",""coordinates"":[]}"
187,2005-08,8.0,111.09404518798269,2005.0,"{""type"":""MultiPoint"",""coordinates"":[]}"
188,2005-09,9.0,117.31540459448766,2005.0,"{""type"":""MultiPoint"",""coordinates"":[]}"
189,2005-10,10.0,111.20854239335372,2005.0,"{""type"":""MultiPoint"",""coordinates"":[]}"
190,2005-11,11.0,66.94281780919775,2005.0,"{""type"":""MultiPoint"",""coordinates"":[]}"
191,2005-12,12.0,26.947095391884964,2005.0,"{""type"":""MultiPoint"",""coordinates"":[]}"
192,2006-01,1.0,26.366985484847138,2006.0,"{""type"":""MultiPoint"",""coordinates"":[]}"
193,2006-02,2.0,39.56971937560448,2006.0,"{""type"":""MultiPoint"",""coordinates"":[]}"
194,2006-03,3.0,117.23504485884581,2006.0,"{""type"":""MultiPoint"",""coordinates"":[]}"
195,2006-04,4.0,191.48465676052655,2006.0,"{""type"":""MultiPoint"",""coordinates"":[]}"
196,2006-05,5.0,165.95951144917896,2006.0,"{""type"":""MultiPoint"",""coordinates"":[]}"
197,2006-06,6.0,66.8980664221496,2006.0,"{""type"":""MultiPoint"",""coordinates"":[]}"
198,2006-07,7.0,64.88677169264112,2006.0,"{""type"":""MultiPoint"",""coordinates"":[]}"
199,2006-08,8.0,115.5635735081225,2006.0,"{""type"":""MultiPoint"",""coordinates"":[]}"
200,2006-09,9.0,123.02571783894898,2006.0,"{""type"":""MultiPoint"",""coordinates"":[]}"
201,2006-10,10.0,134.80916127863773,2006.0,"{""type"":""MultiPoint"",""coordinates"":[]}"
202,2006-11,11.0,151.6005696449523,2006.0,"{""type"":""MultiPoint"",""coordinates"":[]}"
203,2006-12,12.0,82.31668412866159,2006.0,"{""type"":""MultiPoint"",""coordinates"":[]}"
204,2007-01,1.0,40.53542064178731,2007.0,"{""type"":""MultiPoint"",""coordinates"":[]}"
205,2007-02,2.0,69.97998296661,2007.0,"{""type"":""MultiPoint"",""coordinates"":[]}"
206,2007-03,3.0,90.3779493177559,2007.0,"{""type"":""MultiPoint"",""coordinates"":[]}"
207,2007-04,4.0,136.68678645747733,2007.0,"{""type"":""MultiPoint"",""coordinates"":[]}"
208,2007-05,5.0,152.11551452250976,2007.0,"{""type"":""MultiPoint"",""coordinates"":[]}"
209,2007-06,6.0,110.78049736391092,2007.0,"{""type"":""MultiPoint"",""coordinates"":[]}"
210,2007-07,7.0,123.32957754911882,2007.0,"{""type"":""MultiPoint"",""coordinates"":[]}"
211,2007-08,8.0,144.45582305434073,2007.0,"{""type"":""MultiPoint"",""coordinates"":[]}"
212,2007-09,9.0,150.03941789716714,2007.0,"{""type"":""MultiPoint"",""coordinates"":[]}"
213,2007-10,10.0,91.45527357222241,2007.0,"{""type"":""MultiPoint"",""coordinates"":[]}"
214,2007-11,11.0,90.20532864942928,2007.0,"{""type"":""MultiPoint"",""coordinates"":[]}"
215,2007-12,12.0,57.20581703744694,2007.0,"{""type"":""MultiPoint"",""coordinates"":[]}"
216,2008-01,1.0,45.94211997597866,2008.0,"{""type"":""MultiPoint"",""coordinates"":[]}"
217,2008-02,2.0,39.302215814342404,2008.0,"{""type"":""MultiPoint"",""coordinates"":[]}"
218,2008-03,3.0,108.65517273251486,2008.0,"{""type"":""MultiPoint"",""coordinates"":[]}"
219,2008-04,4.0,104.32429908557351,2008.0,"{""type"":""MultiPoint"",""coordinates"":[]}"
220,2008-05,5.0,130.21265829533434,2008.0,"{""type"":""MultiPoint"",""coordinates"":[]}"
221,2008-06,6.0,79.05517313196118,2008.0,"{""type"":""MultiPoint"",""coordinates"":[]}"
222,2008-07,7.0,96.71917793629635,2008.0,"{""type"":""MultiPoint"",""coordinates"":[]}"
223,2008-08,8.0,143.93045092300832,2008.0,"{""type"":""MultiPoint"",""coordinates"":[]}"
224,2008-09,9.0,130.79987306871146,2008.0,"{""type"":""MultiPoint"",""coordinates"":[]}"
225,2008-10,10.0,115.44561768403175,2008.0,"{""type"":""MultiPoint"",""coordinates"":[]}"
226,2008-11,11.0,70.46109824694942,2008.0,"{""type"":""MultiPoint"",""coordinates"":[]}"
227,2008-12,12.0,28.39871940778991,2008.0,"{""type"":""MultiPoint"",""coordinates"":[]}"
228,2009-01,1.0,41.1832953422389,2009.0,"{""type"":""MultiPoint"",""coordinates"":[]}"
229,2009-02,2.0,41.699470094973904,2009.0,"{""type"":""MultiPoint"",""coordinates"":[]}"
230,2009-03,3.0,70.91243636820009,2009.0,"{""type"":""MultiPoint"",""coordinates"":[]}"
231,2009-04,4.0,141.54738938780997,2009.0,"{""type"":""MultiPoint"",""coordinates"":[]}"
232,2009-05,5.0,137.55969736317985,2009.0,"{""type"":""MultiPoint"",""coordinates"":[]}"
233,2009-06,6.0,54.171733962508995,2009.0,"{""type"":""MultiPoint"",""coordinates"":[]}"
234,2009-07,7.0,44.25027807594178,2009.0,"{""type"":""MultiPoint"",""coordinates"":[]}"
235,2009-08,8.0,82.51478209744295,2009.0,"{""type"":""MultiPoint"",""coordinates"":[]}"
236,2009-09,9.0,87.86521501268494,2009.0,"{""type"":""MultiPoint"",""coordinates"":[]}"
237,2009-10,10.0,109.41756467086121,2009.0,"{""type"":""MultiPoint"",""coordinates"":[]}"
238,2009-11,11.0,98.72538185625997,2009.0,"{""type"":""MultiPoint"",""coordinates"":[]}"
239,2009-12,12.0,89.84301024140701,2009.0,"{""type"":""MultiPoint"",""coordinates"":[]}"
240,2010-01,1.0,38.584448578518305,2010.0,"{""type"":""MultiPoint"",""coordinates"":[]}"
241,2010-02,2.0,102.24576656752986,2010.0,"{""type"":""MultiPoint"",""coordinates"":[]}"
242,2010-03,3.0,125.31422213890873,2010.0,"{""type"":""MultiPoint"",""coordinates"":[]}"
243,2010-04,4.0,153.50987916709488,2010.0,"{""type"":""MultiPoint"",""coordinates"":[]}"
244,2010-05,5.0,157.4922013351442,2010.0,"{""type"":""MultiPoint"",""coordinates"":[]}"
245,2010-06,6.0,98.3361065308763,2010.0,"{""type"":""MultiPoint"",""coordinates"":[]}"
246,2010-07,7.0,78.47795084532666,2010.0,"{""type"":""MultiPoint"",""coordinates"":[]}"
247,2010-08,8.0,98.12496962173424,2010.0,"{""type"":""MultiPoint"",""coordinates"":[]}"
248,2010-09,9.0,116.04559863508112,2010.0,"{""type"":""MultiPoint"",""coordinates"":[]}"
249,2010-10,10.0,157.14396133747584,2010.0,"{""type"":""MultiPoint"",""coordinates"":[]}"
250,2010-11,11.0,85.82031930367276,2010.0,"{""type"":""MultiPoint"",""coordinates"":[]}"
251,2010-12,12.0,79.05281156502967,2010.0,"{""type"":""MultiPoint"",""coordinates"":[]}"
252,2011-01,1.0,22.103660669829793,2011.0,"{""type"":""MultiPoint"",""coordinates"":[]}"
253,2011-02,2.0,29.189781011367433,2011.0,"{""type"":""MultiPoint"",""coordinates"":[]}"
254,2011-03,3.0,116.26295902370153,2011.0,"{""type"":""MultiPoint"",""coordinates"":[]}"
255,2011-04,4.0,122.65729263224762,2011.0,"{""type"":""MultiPoint"",""coordinates"":[]}"
256,2011-05,5.0,144.48724734293515,2011.0,"{""type"":""MultiPoint"",""coordinates"":[]}"
257,2011-06,6.0,109.42419235239453,2011.0,"{""type"":""MultiPoint"",""coordinates"":[]}"
258,2011-07,7.0,109.65424115678826,2011.0,"{""type"":""MultiPoint"",""coordinates"":[]}"
259,2011-08,8.0,156.72639335391582,2011.0,"{""type"":""MultiPoint"",""coordinates"":[]}"
260,2011-09,9.0,145.96188538966334,2011.0,"{""type"":""MultiPoint"",""coordinates"":[]}"
261,2011-10,10.0,166.73406503331847,2011.0,"{""type"":""MultiPoint"",""coordinates"":[]}"
262,2011-11,11.0,175.47787765078738,2011.0,"{""type"":""MultiPoint"",""coordinates"":[]}"
263,2011-12,12.0,48.0839349849501,2011.0,"{""type"":""MultiPoint"",""coordinates"":[]}"
264,2012-01,1.0,12.369610450099517,2012.0,"{""type"":""MultiPoint"",""coordinates"":[]}"
265,2012-02,2.0,36.14346990709739,2012.0,"{""type"":""MultiPoint"",""coordinates"":[]}"
266,2012-03,3.0,65.72026902947555,2012.0,"{""type"":""MultiPoint"",""coordinates"":[]}"
267,2012-04,4.0,218.62198148993355,2012.0,"{""type"":""MultiPoint"",""coordinates"":[]}"
268,2012-05,5.0,186.86793477166853,2012.0,"{""type"":""MultiPoint"",""coordinates"":[]}"
269,2012-06,6.0,108.71056212665536,2012.0,"{""type"":""MultiPoint"",""coordinates"":[]}"
270,2012-07,7.0,113.80652412530422,2012.0,"{""type"":""MultiPoint"",""coordinates"":[]}"
271,2012-08,8.0,135.45831607101974,2012.0,"{""type"":""MultiPoint"",""coordinates"":[]}"
272,2012-09,9.0,133.85756693333613,2012.0,"{""type"":""MultiPoint"",""coordinates"":[]}"
273,2012-10,10.0,183.74831746850808,2012.0,"{""type"":""MultiPoint"",""coordinates"":[]}"
274,2012-11,11.0,126.77862520670072,2012.0,"{""type"":""MultiPoint"",""coordinates"":[]}"
275,2012-12,12.0,105.58809435830311,2012.0,"{""type"":""MultiPoint"",""coordinates"":[]}"
276,2013-01,1.0,36.72141386963441,2013.0,"{""type"":""MultiPoint"",""coordinates"":[]}"
277,2013-02,2.0,29.975038049872538,2013.0,"{""type"":""MultiPoint"",""coordinates"":[]}"
278,2013-03,3.0,133.63950619115386,2013.0,"{""type"":""MultiPoint"",""coordinates"":[]}"
279,2013-04,4.0,169.05793961090836,2013.0,"{""type"":""MultiPoint"",""coordinates"":[]}"
280,2013-05,5.0,106.69698309414372,2013.0,"{""type"":""MultiPoint"",""coordinates"":[]}"
281,2013-06,6.0,77.37514453228032,2013.0,"{""type"":""MultiPoint"",""coordinates"":[]}"
282,2013-07,7.0,93.1975312115406,2013.0,"{""type"":""MultiPoint"",""coordinates"":[]}"
283,2013-08,8.0,127.46401506033217,2013.0,"{""type"":""MultiPoint"",""coordinates"":[]}"
284,2013-09,9.0,138.99144017651633,2013.0,"{""type"":""MultiPoint"",""coordinates"":[]}"
285,2013-10,10.0,149.93560096215745,2013.0,"{""type"":""MultiPoint"",""coordinates"":[]}"
286,2013-11,11.0,102.29568554976893,2013.0,"{""type"":""MultiPoint"",""coordinates"":[]}"
287,2013-12,12.0,60.747205186338775,2013.0,"{""type"":""MultiPoint"",""coordinates"":[]}"
288,2014-01,1.0,24.427557215022897,2014.0,"{""type"":""MultiPoint"",""coordinates"":[]}"
289,2014-02,2.0,36.782296897355465,2014.0,"{""type"":""MultiPoint"",""coordinates"":[]}"
290,2014-03,3.0,115.53668760313563,2014.0,"{""type"":""MultiPoint"",""coordinates"":[]}"
291,2014-04,4.0,127.14801752361848,2014.0,"{""type"":""MultiPoint"",""coordinates"":[]}"
292,2014-05,5.0,144.09761281166564,2014.0,"{""type"":""MultiPoint"",""coordinates"":[]}"
293,2014-06,6.0,103.8520110164722,2014.0,"{""type"":""MultiPoint"",""coordinates"":[]}"
294,2014-07,7.0,82.09331652508314,2014.0,"{""type"":""MultiPoint"",""coordinates"":[]}"
295,2014-08,8.0,156.8795428376647,2014.0,"{""type"":""MultiPoint"",""coordinates"":[]}"
296,2014-09,9.0,130.21600214064205,2014.0,"{""type"":""MultiPoint"",""coordinates"":[]}"
297,2014-10,10.0,153.5128099645929,2014.0,"{""type"":""MultiPoint"",""coordinates"":[]}"
298,2014-11,11.0,108.89638652623333,2014.0,"{""type"":""MultiPoint"",""coordinates"":[]}"
299,2014-12,12.0,47.04182036233158,2014.0,"{""type"":""MultiPoint"",""coordinates"":[]}"
300,2015-01,1.0,9.63656029592721,2015.0,"{""type"":""MultiPoint"",""coordinates"":[]}"
301,2015-02,2.0,29.736034629881587,2015.0,"{""type"":""MultiPoint"",""coordinates"":[]}"
302,2015-03,3.0,86.83560007084252,2015.0,"{""type"":""MultiPoint"",""coordinates"":[]}"
303,2015-04,4.0,199.4974537692674,2015.0,"{""type"":""MultiPoint"",""coordinates"":[]}"
304,2015-05,5.0,132.8957883709438,2015.0,"{""type"":""MultiPoint"",""coordinates"":[]}"
305,2015-06,6.0,129.67700120957338,2015.0,"{""type"":""MultiPoint"",""coordinates"":[]}"
306,2015-07,7.0,73.66642007121854,2015.0,"{""type"":""MultiPoint"",""coordinates"":[]}"
307,2015-08,8.0,90.05965882242664,2015.0,"{""type"":""MultiPoint"",""coordinates"":[]}"
308,2015-09,9.0,102.08176227225059,2015.0,"{""type"":""MultiPoint"",""coordinates"":[]}"
309,2015-10,10.0,187.16112875297674,2015.0,"{""type"":""MultiPoint"",""coordinates"":[]}"
310,2015-11,11.0,185.08573132852396,2015.0,"{""type"":""MultiPoint"",""coordinates"":[]}"
311,2015-12,12.0,73.44842771115997,2015.0,"{""type"":""MultiPoint"",""coordinates"":[]}"
312,2016-01,1.0,41.100923312870464,2016.0,"{""type"":""MultiPoint"",""coordinates"":[]}"
313,2016-02,2.0,19.359062412607905,2016.0,"{""type"":""MultiPoint"",""coordinates"":[]}"
314,2016-03,3.0,87.4376402103033,2016.0,"{""type"":""MultiPoint"",""coordinates"":[]}"
315,2016-04,4.0,246.31065540187384,2016.0,"{""type"":""MultiPoint"",""coordinates"":[]}"
316,2016-05,5.0,130.18719360130046,2016.0,"{""type"":""MultiPoint"",""coordinates"":[]}"
317,2016-06,6.0,78.70872701879479,2016.0,"{""type"":""MultiPoint"",""coordinates"":[]}"
318,2016-07,7.0,69.37487991934208,2016.0,"{""type"":""MultiPoint"",""coordinates"":[]}"
319,2016-08,8.0,81.38873737539252,2016.0,"{""type"":""MultiPoint"",""coordinates"":[]}"
320,2016-09,9.0,108.25183197779128,2016.0,"{""type"":""MultiPoint"",""coordinates"":[]}"
321,2016-10,10.0,127.66075861646895,2016.0,"{""type"":""MultiPoint"",""coordinates"":[]}"
322,2016-11,11.0,107.0729640875904,2016.0,"{""type"":""MultiPoint"",""coordinates"":[]}"
323,2016-12,12.0,33.878096972888926,2016.0,"{""type"":""MultiPoint"",""coordinates"":[]}"
324,2017-01,1.0,21.91010304303759,2017.0,"{""type"":""MultiPoint"",""coordinates"":[]}"
325,2017-02,2.0,83.8891621655186,2017.0,"{""type"":""MultiPoint"",""coordinates"":[]}"
326,2017-03,3.0,95.53260557931219,2017.0,"{""type"":""MultiPoint"",""coordinates"":[]}"
327,2017-04,4.0,145.78572541187597,2017.0,"{""type"":""MultiPoint"",""coordinates"":[]}"
328,2017-05,5.0,146.4372636888739,2017.0,"{""type"":""MultiPoint"",""coordinates"":[]}"
329,2017-06,6.0,76.52483543925501,2017.0,"{""type"":""MultiPoint"",""coordinates"":[]}"
330,2017-07,7.0,136.1253265475765,2017.0,"{""type"":""MultiPoint"",""coordinates"":[]}"
331,2017-08,8.0,124.42993998668832,2017.0,"{""type"":""MultiPoint"",""coordinates"":[]}"
332,2017-09,9.0,141.48716785651416,2017.0,"{""type"":""MultiPoint"",""coordinates"":[]}"
333,2017-10,10.0,125.61952247848338,2017.0,"{""type"":""MultiPoint"",""coordinates"":[]}"
334,2017-11,11.0,107.12776476146323,2017.0,"{""type"":""MultiPoint"",""coordinates"":[]}"
335,2017-12,12.0,23.712456537834065,2017.0,"{""type"":""MultiPoint"",""coordinates"":[]}"
336,2018-01,1.0,20.507309077465166,2018.0,"{""type"":""MultiPoint"",""coordinates"":[]}"
337,2018-02,2.0,46.22769136066579,2018.0,"{""type"":""MultiPoint"",""coordinates"":[]}"
338,2018-03,3.0,171.07528761551708,2018.0,"{""type"":""MultiPoint"",""coordinates"":[]}"
339,2018-04,4.0,227.7859041103029,2018.0,"{""type"":""MultiPoint"",""coordinates"":[]}"
340,2018-05,5.0,187.1204779765214,2018.0,"{""type"":""MultiPoint"",""coordinates"":[]}"
341,2018-06,6.0,125.7611145584754,2018.0,"{""type"":""MultiPoint"",""coordinates"":[]}"
342,2018-07,7.0,62.76673481533042,2018.0,"{""type"":""MultiPoint"",""coordinates"":[]}"
343,2018-08,8.0,134.09835271821564,2018.0,"{""type"":""MultiPoint"",""coordinates"":[]}"
344,2018-09,9.0,103.63119510114278,2018.0,"{""type"":""MultiPoint"",""coordinates"":[]}"
345,2018-10,10.0,126.04586242425734,2018.0,"{""type"":""MultiPoint"",""coordinates"":[]}"
346,2018-11,11.0,85.93879508752,2018.0,"{""type"":""MultiPoint"",""coordinates"":[]}"
347,2018-12,12.0,99.18721549551348,2018.0,"{""type"":""MultiPoint"",""coordinates"":[]}"
348,2019-01,1.0,30.527566216763702,2019.0,"{""type"":""MultiPoint"",""coordinates"":[]}"
349,2019-02,2.0,39.8496235092772,2019.0,"{""type"":""MultiPoint"",""coordinates"":[]}"
350,2019-03,3.0,79.31443976078205,2019.0,"{""type"":""MultiPoint"",""coordinates"":[]}"
351,2019-04,4.0,141.8665374594706,2019.0,"{""type"":""MultiPoint"",""coordinates"":[]}"
352,2019-05,5.0,165.86294066511917,2019.0,"{""type"":""MultiPoint"",""coordinates"":[]}"
353,2019-06,6.0,131.82937265317383,2019.0,"{""type"":""MultiPoint"",""coordinates"":[]}"
354,2019-07,7.0,103.77434103927558,2019.0,"{""type"":""MultiPoint"",""coordinates"":[]}"
355,2019-08,8.0,134.242076577534,2019.0,"{""type"":""MultiPoint"",""coordinates"":[]}"
356,2019-09,9.0,114.60878903475935,2019.0,"{""type"":""MultiPoint"",""coordinates"":[]}"
357,2019-10,10.0,219.55178711668145,2019.0,"{""type"":""MultiPoint"",""coordinates"":[]}"
358,2019-11,11.0,166.21987921902166,2019.0,"{""type"":""MultiPoint"",""coordinates"":[]}"
359,2019-12,12.0,136.24141983130002,2019.0,"{""type"":""MultiPoint"",""coordinates"":[]}"
360,2020-01,1.0,57.66400000635628,2020.0,"{""type"":""MultiPoint"",""coordinates"":[]}"
361,2020-02,2.0,41.151480828094726,2020.0,"{""type"":""MultiPoint"",""coordinates"":[]}"
362,2020-03,3.0,169.30417128746416,2020.0,"{""type"":""MultiPoint"",""coordinates"":[]}"
363,2020-04,4.0,187.18372677923475,2020.0,"{""type"":""MultiPoint"",""coordinates"":[]}"
364,2020-05,5.0,128.84560703362806,2020.0,"{""type"":""MultiPoint"",""coordinates"":[]}"
365,2020-06,6.0,99.35207795361168,2020.0,"{""type"":""MultiPoint"",""coordinates"":[]}"
366,2020-07,7.0,111.7167040449772,2020.0,"{""type"":""MultiPoint"",""coordinates"":[]}"
367,2020-08,8.0,147.9758995959042,2020.0,"{""type"":""MultiPoint"",""coordinates"":[]}"
368,2020-09,9.0,138.30269486173458,2020.0,"{""type"":""MultiPoint"",""coordinates"":[]}"
369,2020-10,10.0,175.2531215654678,2020.0,"{""type"":""MultiPoint"",""coordinates"":[]}"
370,2020-11,11.0,179.0361163965119,2020.0,"{""type"":""MultiPoint"",""coordinates"":[]}"
371,2020-12,12.0,72.74181448938161,2020.0,"{""type"":""MultiPoint"",""coordinates"":[]}"
372,2021-01,1.0,50.928235975906375,2021.0,"{""type"":""MultiPoint"",""coordinates"":[]}"
373,2021-02,2.0,38.762124863288086,2021.0,"{""type"":""MultiPoint"",""coordinates"":[]}"
374,2021-03,3.0,78.43150853765934,2021.0,"{""type"":""MultiPoint"",""coordinates"":[]}"
375,2021-04,4.0,171.66115602099882,2021.0,"{""type"":""MultiPoint"",""coordinates"":[]}"
376,2021-05,5.0,151.4236577223409,2021.0,"{""type"":""MultiPoint"",""coordinates"":[]}"
377,2021-06,6.0,62.11291084679988,2021.0,"{""type"":""MultiPoint"",""coordinates"":[]}"
378,2021-07,7.0,67.12544236525015,2021.0,"{""type"":""MultiPoint"",""coordinates"":[]}"
379,2021-08,8.0,106.86489938204073,2021.0,"{""type"":""MultiPoint"",""coordinates"":[]}"
380,2021-09,9.0,125.67290408333675,2021.0,"{""type"":""MultiPoint"",""coordinates"":[]}"
381,2021-10,10.0,124.71411380066118,2021.0,"{""type"":""MultiPoint"",""coordinates"":[]}"
382,2021-11,11.0,84.93936074961432,2021.0,"{""type"":""MultiPoint"",""coordinates"":[]}"
383,2021-12,12.0,58.11656184823095,2021.0,"{""type"":""MultiPoint"",""coordinates"":[]}"
384,2022-01,1.0,67.92271275532318,2022.0,"{""type"":""MultiPoint"",""coordinates"":[]}"
385,2022-02,2.0,68.28657852216742,2022.0,"{""type"":""MultiPoint"",""coordinates"":[]}"
386,2022-03,3.0,92.3081482761331,2022.0,"{""type"":""MultiPoint"",""coordinates"":[]}"
387,2022-04,4.0,157.05798108368904,2022.0,"{""type"":""MultiPoint"",""coordinates"":[]}"
388,2022-05,5.0,137.0496821192249,2022.0,"{""type"":""MultiPoint"",""coordinates"":[]}"
389,2022-06,6.0,59.92466296363197,2022.0,"{""type"":""MultiPoint"",""coordinates"":[]}"
390,2022-07,7.0,51.62539526603877,2022.0,"{""type"":""MultiPoint"",""coordinates"":[]}"
391,2022-08,8.0,149.86151976516211,2022.0,"{""type"":""MultiPoint"",""coordinates"":[]}"
392,2022-09,9.0,122.80331079747673,2022.0,"{""type"":""MultiPoint"",""coordinates"":[]}"
393,2022-10,10.0,118.46590576272308,2022.0,"{""type"":""MultiPoint"",""coordinates"":[]}"
394,2022-11,11.0,123.97300594629645,2022.0,"{""type"":""MultiPoint"",""coordinates"":[]}"
395,2022-12,12.0,96.8048448814794,2022.0,"{""type"":""MultiPoint"",""coordinates"":[]}"
396,2023-01,1.0,22.07592744268644,2023.0,"{""type"":""MultiPoint"",""coordinates"":[]}"
397,2023-02,2.0,24.726644413043818,2023.0,"{""type"":""MultiPoint"",""coordinates"":[]}"
398,2023-03,3.0,156.85053872439428,2023.0,"{""type"":""MultiPoint"",""coordinates"":[]}"
399,2023-04,4.0,180.11257428967582,2023.0,"{""type"":""MultiPoint"",""coordinates"":[]}"
400,2023-05,5.0,105.65480721143373,2023.0,"{""type"":""MultiPoint"",""coordinates"":[]}"
401,2023-06,6.0,120.38430944164178,2023.0,"{""type"":""MultiPoint"",""coordinates"":[]}"
402,2023-07,7.0,48.86106061456528,2023.0,"{""type"":""MultiPoint"",""coordinates"":[]}"
403,2023-08,8.0,68.60340418577992,2023.0,"{""type"":""MultiPoint"",""coordinates"":[]}"
404,2023-09,9.0,121.18685932129469,2023.0,"{""type"":""MultiPoint"",""coordinates"":[]}"
405,2023-10,10.0,152.88896684245955,2023.0,"{""type"":""MultiPoint"",""coordinates"":[]}"
406,2023-11,11.0,154.31740274118027,2023.0,"{""type"":""MultiPoint"",""coordinates"":[]}"
407,2023-12,12.0,86.13425960627633,2023.0,"{""type"":""MultiPoint"",""coordinates"":[]}"
408,2024-01,1.0,48.602167937808545,2024.0,"{""type"":""MultiPoint"",""coordinates"":[]}"
409,2024-02,2.0,55.53711434093942,2024.0,"{""type"":""MultiPoint"",""coordinates"":[]}"
410,2024-03,3.0,71.2492485291445,2024.0,"{""type"":""MultiPoint"",""coordinates"":[]}"
411,2024-04,4.0,173.02953817751288,2024.0,"{""type"":""MultiPoint"",""coordinates"":[]}"
412,2024-05,5.0,99.14373860488534,2024.0,"{""type"":""MultiPoint"",""coordinates"":[]}"
413,2024-06,6.0,64.00477529571208,2024.0,"{""type"":""MultiPoint"",""coordinates"":[]}"
414,2024-07,7.0,144.3216901511179,2024.0,"{""type"":""MultiPoint"",""coordinates"":[]}"
415,2024-08,8.0,120.84746443630435,2024.0,"{""type"":""MultiPoint"",""coordinates"":[]}"
416,2024-09,9.0,119.74639194732478,2024.0,"{""type"":""MultiPoint"",""coordinates"":[]}"
417,2024-10,10.0,150.72232907769035,2024.0,"{""type"":""MultiPoint"",""coordinates"":[]}"
418,2024-11,11.0,166.9436545661212,2024.0,"{""type"":""MultiPoint"",""coordinates"":[]}"
419,2024-12,12.0,56.3391802745956,2024.0,"{""type"":""MultiPoint"",""coordinates"":[]}"
420,2025-01,1.0,35.112184682965925,2025.0,"{""type"":""MultiPoint"",""coordinates"":[]}"
421,2025-02,2.0,15.639715647347609,2025.0,"{""type"":""MultiPoint"",""coordinates"":[]}"
422,2025-03,3.0,113.43067945669543,2025.0,"{""type"":""MultiPoint"",""coordinates"":[]}"
423,2025-04,4.0,159.69369503781056,2025.0,"{""type"":""MultiPoint"",""coordinates"":[]}"
424,2025-05,5.0,168.55866116967695,2025.0,"{""type"":""MultiPoint"",""coordinates"":[]}"
425,2025-06,6.0,90.10778168553117,2025.0,"{""type"":""MultiPoint"",""coordinates"":[]}"
426,2025-07,7.0,82.63025429400425,2025.0,"{""type"":""MultiPoint"",""coordinates"":[]}"
427,2025-08,8.0,134.89657356280574,2025.0,"{""type"":""MultiPoint"",""coordinates"":[]}"
428,2025-09,9.0,98.58427411686111,2025.0,"{""type"":""MultiPoint"",""coordinates"":[]}"
429,2025-10,10.0,190.1446136744003,2025.0,"{""type"":""MultiPoint"",""coordinates"":[]}"
430,2025-11,11.0,61.899926820108085,2025.0,"{""type"":""MultiPoint"",""coordinates"":[]}"
431,2025-12,12.0,102.11774459412572,2025.0,"{""type"":""MultiPoint"",""coordinates"":[]}"
